uuid,email,password,fname,lname,team_id
xTPOLETd,test@example.com,$2b$12$lnOvpj7yCBaBZYqGTPBcNOUeI0TAY.L7sOoez7OvTG2M2I1SsPcrG,Demo,Test,
DtbM3EU5,test2@test.com,$2b$12$1XpYhXGVBZy47oQpDnuC8.dxHieyJLR9AC9navHasO2Jjepzv.JKi,Bonjour,Aurevoir,uSZWsrrk
l09aH9Jo,admin@admin.com,$2b$12$PDrzxQ7K5n6wOPx2uw4i0OHmtz1wtkz1EstTo6obyrCuZ/mqJsQ0.,Foo,Bar,Ax7tvWHJ
1oLk8caF,emma.thompson@company.com,$2b$12$xJkPIwO8xDyBdIAHrU9HMea48RPQnfEiGPLOofn.fgG9hvOQrZEoa,Emma,Thompson,iV379fhe
wUsJYuDa,michael.chen@company.com,$2b$12$xJkPIwO8xDyBdIAHrU9HMea48RPQnfEiGPLOofn.fgG9hvOQrZEoa,Michael,Chen,Ax7tvWHJ
awThthig,sarah.martinez@company.com,$2b$12$xJkPIwO8xDyBdIAHrU9HMea48RPQnfEiGPLOofn.fgG9hvOQrZEoa,Sarah,Martinez,
0SzOqoUB,david.johnson@company.com,$2b$12$xJkPIwO8xDyBdIAHrU9HMea48RPQnfEiGPLOofn.fgG9hvOQrZEoa,David,Johnson,rJLwPjJ0
ZwrShuW9,lisa.anderson@company.com,$2b$12$xJkPIwO8xDyBdIAHrU9HMea48RPQnfEiGPLOofn.fgG9hvOQrZEoa,Lisa,Anderson,
KHH99Xvg,james.wilson@company.com,$2b$12$xJkPIwO8xDyBdIAHrU9HMea48RPQnfEiGPLOofn.fgG9hvOQrZEoa,James,Wilson,Ax7tvWHJ
Xz1KWmtW,rachel.kim@company.com,$2b$12$xJkPIwO8xDyBdIAHrU9HMea48RPQnfEiGPLOofn.fgG9hvOQrZEoa,Rachel,Kim,WsN6Xxir
E1VwajUh,christopher.brown@company.com,$2b$12$xJkPIwO8xDyBdIAHrU9HMea48RPQnfEiGPLOofn.fgG9hvOQrZEoa,Christopher,Brown,Ax7tvWHJ
W6URS8kh,amanda.davis@company.com,$2b$12$xJkPIwO8xDyBdIAHrU9HMea48RPQnfEiGPLOofn.fgG9hvOQrZEoa,Amanda,Davis,Ax7tvWHJ
kDq3WtEe,ryan.garcia@company.com,$2b$12$xJkPIwO8xDyBdIAHrU9HMea48RPQnfEiGPLOofn.fgG9hvOQrZEoa,Ryan,Garcia,iV379fhe
FlK3GqfD,jennifer.taylor@company.com,$2b$12$xJkPIwO8xDyBdIAHrU9HMea48RPQnfEiGPLOofn.fgG9hvOQrZEoa,Jennifer,Taylor,Ax7tvWHJ
3kHL0w0N,daniel.lee@company.com,$2b$12$xJkPIwO8xDyBdIAHrU9HMea48RPQnfEiGPLOofn.fgG9hvOQrZEoa,Daniel,Lee,iV379fhe
4x23FN3A,michelle.white@company.com,$2b$12$xJkPIwO8xDyBdIAHrU9HMea48RPQnfEiGPLOofn.fgG9hvOQrZEoa,Michelle,White,Ax7tvWHJ
8qbzo72j,kevin.harris@company.com,$2b$12$xJkPIwO8xDyBdIAHrU9HMea48RPQnfEiGPLOofn.fgG9hvOQrZEoa,Kevin,Harris,
tbgqxG1P,nicole.clark@company.com,$2b$12$xJkPIwO8xDyBdIAHrU9HMea48RPQnfEiGPLOofn.fgG9hvOQrZEoa,Nicole,Clark,rJLwPjJ0
jTcGKb9g,brandon.lewis@company.com,$2b$12$xJkPIwO8xDyBdIAHrU9HMea48RPQnfEiGPLOofn.fgG9hvOQrZEoa,Brandon,Lewis,iV379fhe
BtQ1xfZe,stephanie.walker@company.com,$2b$12$xJkPIwO8xDyBdIAHrU9HMea48RPQnfEiGPLOofn.fgG9hvOQrZEoa,Stephanie,Walker,
7EHPVqMt,jason.hall@company.com,$2b$12$xJkPIwO8xDyBdIAHrU9HMea48RPQnfEiGPLOofn.fgG9hvOQrZEoa,Jason,Hall,Ax7tvWHJ
b4CVJaZN,lauren.allen@company.com,$2b$12$xJkPIwO8xDyBdIAHrU9HMea48RPQnfEiGPLOofn.fgG9hvOQrZEoa,Lauren,Allen,WsN6Xxir
x2vy4Dxo,matthew.young@company.com,$2b$12$xJkPIwO8xDyBdIAHrU9HMea48RPQnfEiGPLOofn.fgG9hvOQrZEoa,Matthew,Young,Ax7tvWHJ
Prx5WKH7,ashley.king@company.com,$2b$12$xJkPIwO8xDyBdIAHrU9HMea48RPQnfEiGPLOofn.fgG9hvOQrZEoa,Ashley,King,
DwrwJRzQ,brian.wright@company.com,$2b$12$xJkPIwO8xDyBdIAHrU9HMea48RPQnfEiGPLOofn.fgG9hvOQrZEoa,Brian,Wright,
AVGtw1An,megan.lopez@company.com,$2b$12$xJkPIwO8xDyBdIAHrU9HMea48RPQnfEiGPLOofn.fgG9hvOQrZEoa,Megan,Lopez,Ax7tvWHJ
SFxMp18D,eric.hill@company.com,$2b$12$xJkPIwO8xDyBdIAHrU9HMea48RPQnfEiGPLOofn.fgG9hvOQrZEoa,Eric,Hill,WsN6Xxir
glztSaxn,samantha.scott@company.com,$2b$12$xJkPIwO8xDyBdIAHrU9HMea48RPQnfEiGPLOofn.fgG9hvOQrZEoa,Samantha,Scott,WsN6Xxir
RbOmwa2H,anthony.green@company.com,$2b$12$xJkPIwO8xDyBdIAHrU9HMea48RPQnfEiGPLOofn.fgG9hvOQrZEoa,Anthony,Green,
oVbe1liY,rebecca.adams@company.com,$2b$12$xJkPIwO8xDyBdIAHrU9HMea48RPQnfEiGPLOofn.fgG9hvOQrZEoa,Rebecca,Adams,Ax7tvWHJ
UiLQD893,justin.baker@company.com,$2b$12$xJkPIwO8xDyBdIAHrU9HMea48RPQnfEiGPLOofn.fgG9hvOQrZEoa,Justin,Baker,Ax7tvWHJ
eRWZiqpS,katherine.nelson@company.com,$2b$12$xJkPIwO8xDyBdIAHrU9HMea48RPQnfEiGPLOofn.fgG9hvOQrZEoa,Katherine,Nelson,WsN6Xxir
rMGAuIqn,tyler.carter@company.com,$2b$12$xJkPIwO8xDyBdIAHrU9HMea48RPQnfEiGPLOofn.fgG9hvOQrZEoa,Tyler,Carter,rJLwPjJ0
nUJ3TtUh,olivia.mitchell@company.com,$2b$12$xJkPIwO8xDyBdIAHrU9HMea48RPQnfEiGPLOofn.fgG9hvOQrZEoa,Olivia,Mitchell,Ax7tvWHJ
zhUCxrB7,joshua.perez@company.com,$2b$12$xJkPIwO8xDyBdIAHrU9HMea48RPQnfEiGPLOofn.fgG9hvOQrZEoa,Joshua,Perez,iV379fhe
exwTJrRo,victoria.roberts@company.com,$2b$12$xJkPIwO8xDyBdIAHrU9HMea48RPQnfEiGPLOofn.fgG9hvOQrZEoa,Victoria,Roberts,iV379fhe
dFGMggXM,nathan.turner@company.com,$2b$12$xJkPIwO8xDyBdIAHrU9HMea48RPQnfEiGPLOofn.fgG9hvOQrZEoa,Nathan,Turner,WsN6Xxir
MxQ819ja,emily.phillips@company.com,$2b$12$xJkPIwO8xDyBdIAHrU9HMea48RPQnfEiGPLOofn.fgG9hvOQrZEoa,Emily,Phillips,WsN6Xxir
aYB8YDJt,andrew.campbell@company.com,$2b$12$xJkPIwO8xDyBdIAHrU9HMea48RPQnfEiGPLOofn.fgG9hvOQrZEoa,Andrew,Campbell,iV379fhe
LsHxp81K,melissa.parker@company.com,$2b$12$xJkPIwO8xDyBdIAHrU9HMea48RPQnfEiGPLOofn.fgG9hvOQrZEoa,Melissa,Parker,rJLwPjJ0
OezSAEbr,patrick.evans@company.com,$2b$12$xJkPIwO8xDyBdIAHrU9HMea48RPQnfEiGPLOofn.fgG9hvOQrZEoa,Patrick,Evans,WsN6Xxir
k9ezWAQV,jessica.edwards@company.com,$2b$12$xJkPIwO8xDyBdIAHrU9HMea48RPQnfEiGPLOofn.fgG9hvOQrZEoa,Jessica,Edwards,WsN6Xxir
bkdnUIR8,steven.collins@company.com,$2b$12$xJkPIwO8xDyBdIAHrU9HMea48RPQnfEiGPLOofn.fgG9hvOQrZEoa,Steven,Collins,rJLwPjJ0
meEhBFZr,angela.stewart@company.com,$2b$12$xJkPIwO8xDyBdIAHrU9HMea48RPQnfEiGPLOofn.fgG9hvOQrZEoa,Angela,Stewart,
NrPbPQGz,jacob.sanchez@company.com,$2b$12$xJkPIwO8xDyBdIAHrU9HMea48RPQnfEiGPLOofn.fgG9hvOQrZEoa,Jacob,Sanchez,
vDFfySVP,christina.morris@company.com,$2b$12$xJkPIwO8xDyBdIAHrU9HMea48RPQnfEiGPLOofn.fgG9hvOQrZEoa,Christina,Morris,rJLwPjJ0
p0kDqx9F,alexander.rogers@company.com,$2b$12$xJkPIwO8xDyBdIAHrU9HMea48RPQnfEiGPLOofn.fgG9hvOQrZEoa,Alexander,Rogers,Ax7tvWHJ
5KncP4cz,laura.reed@company.com,$2b$12$xJkPIwO8xDyBdIAHrU9HMea48RPQnfEiGPLOofn.fgG9hvOQrZEoa,Laura,Reed,
jLxb6ex0,timothy.cook@company.com,$2b$12$xJkPIwO8xDyBdIAHrU9HMea48RPQnfEiGPLOofn.fgG9hvOQrZEoa,Timothy,Cook,Ax7tvWHJ
AXK3mhzd,brittany.morgan@company.com,$2b$12$xJkPIwO8xDyBdIAHrU9HMea48RPQnfEiGPLOofn.fgG9hvOQrZEoa,Brittany,Morgan,Ax7tvWHJ
Gy1fpgpm,jonathan.bell@company.com,$2b$12$xJkPIwO8xDyBdIAHrU9HMea48RPQnfEiGPLOofn.fgG9hvOQrZEoa,Jonathan,Bell,
jJ5rWqev,natalie.murphy@company.com,$2b$12$xJkPIwO8xDyBdIAHrU9HMea48RPQnfEiGPLOofn.fgG9hvOQrZEoa,Natalie,Murphy,Ax7tvWHJ
GawAURbs,gregory.bailey@company.com,$2b$12$xJkPIwO8xDyBdIAHrU9HMea48RPQnfEiGPLOofn.fgG9hvOQrZEoa,Gregory,Bailey,rJLwPjJ0
Yi6ENmMN,jocelyne@test.com,$2b$12$BkOeIDnFJEnqYtboV6tp/eBDSJv.e6BRtaqUM3370q5TQUPyivlPG,Jocelyne,Li,
